,Entity,Code,Year,y,x1,x2,x3,x4,x5
0,Albania,ALB,2012,23.0075910689151,9592.0,0.8497543999999999,13.28627,33,22.238975
1,Albania,ALB,2013,24.1607792110922,9660.0,1.213316,12.604647,31,21.395224
2,Albania,ALB,2014,24.3826719044142,9808.0,1.5808969999999998,14.371937,33,23.933598
3,Albania,ALB,2015,24.446183930057,10032.0,1.126756,14.188021,36,23.985617
4,Albania,ALB,2016,23.9567274814736,10342.0,0.858683,14.530688,39,23.537329
5,Albania,ALB,2018,23.2812516936405,11104.17,1.13801,14.490835,36,25.164665
6,Armenia,ARM,2012,21.3736421560682,9077.0,0.9169955,9.995031,34,20.98529
7,Armenia,ARM,2013,22.6371817977093,9385.0,1.7670769999999998,9.965284,36,22.43687
8,Armenia,ARM,2014,23.9875580530759,9735.0,1.541668,11.130249,37,22.432351
9,Armenia,ARM,2015,25.0779813488419,10042.0,1.260682,9.376628,35,21.57494
10,Armenia,ARM,2016,25.7115181584805,10080.0,1.162991,8.896928,33,21.761512
11,Armenia,ARM,2017,22.6297249923647,10859.38,0.8807931999999999,8.786327,35,21.26091
12,Armenia,ARM,2018,22.0768137564949,11454.43,1.409537,9.093857,35,21.306548
13,Australia,AUS,2012,26.1413123942118,46999.0,0.4238260999999999,8.128812,85,27.286084
14,Australia,AUS,2013,25.8963215034495,47250.0,0.461155,8.42933,81,27.637841
15,Australia,AUS,2014,26.2708238193841,47867.0,0.4984838,7.949817,80,27.442041
16,Australia,AUS,2015,26.7570314187914,48357.0,0.4984838,8.318848,79,28.24065
17,Australia,AUS,2016,26.9385938819086,48845.0,0.4984838,8.287717,79,28.614112
18,Australia,AUS,2017,26.5625682674079,49265.61,0.4984838,8.061079,77,29.182115
19,Australia,AUS,2018,26.1359111957416,49830.8,0.4984838,7.719473,77,29.395667
20,Austria,AUT,2012,46.1450485455905,41565.0,0.6169174000000001,12.210059,69,42.499275
21,Austria,AUT,2013,46.6216222891406,41375.0,0.3379979,12.111539,69,43.336042
22,Austria,AUT,2014,47.5011876922336,41338.0,0.2242601999999999,12.074458,72,43.366845
23,Austria,AUT,2015,46.2684510027225,41294.0,0.6771929999999999,12.131559,76,43.778331
24,Austria,AUT,2016,44.9967848869132,41445.0,0.6640635,12.103528,75,42.364082
25,Austria,AUT,2017,44.3323608090794,42177.37,0.3180896,12.083875,75,42.440022
26,Austria,AUT,2018,43.6962591189284,42988.07,0.5683583999999999,11.908982,76,42.789843
27,Azerbaijan,AZE,2012,22.1853838889224,16359.0,0.0,5.293731,27,12.794096
28,Azerbaijan,AZE,2013,20.9255439826751,17133.0,0.0,5.677014,28,13.591833
29,Azerbaijan,AZE,2014,22.1009894245612,17439.0,0.0,6.637408,29,14.998136
30,Azerbaijan,AZE,2015,24.7887090842221,17460.0,0.0,7.545053,29,16.506068
31,Azerbaijan,AZE,2016,27.1959381185333,16645.0,0.0,7.822921,30,17.734712
32,Azerbaijan,AZE,2017,27.9587305829867,16522.31,0.0,6.087748,31,14.208536
33,Azerbaijan,AZE,2018,21.402262398242,16628.06,0.0,6.264046,25,14.05259
34,Bangladesh,BGD,2012,9.63853873257843,2914.0,17.24059,3.341339,26,9.024563
35,Bangladesh,BGD,2013,9.50711961152747,3057.0,16.35203,3.355363,27,8.962415
36,Bangladesh,BGD,2014,9.50443649145954,3217.0,15.76451,3.189791,25,8.63538
37,Bangladesh,BGD,2015,9.00588487034226,3402.0,14.67391,3.129697,25,8.498351
38,Bangladesh,BGD,2016,9.41891628073041,3604.0,14.32455,3.333441,26,8.765027
39,Belarus,BLR,2012,27.6224227639515,18251.0,0.0,11.645557,31,35.325353
40,Belarus,BLR,2013,28.2546964798114,18464.0,0.0,12.328527,29,35.965946
41,Belarus,BLR,2014,27.410400205909,18822.0,0.0,13.051557,31,34.739316
42,Belarus,BLR,2015,28.110499205426,18136.0,0.0,12.117375,32,35.582169
43,Belarus,BLR,2016,29.4170537971155,17628.0,0.0,12.8227,40,35.748614
44,Belarus,BLR,2017,29.3216054007539,18113.38,0.0,12.034261,44,34.572056
45,Belarus,BLR,2018,28.1637805187554,18727.32,0.0,11.890851,44,35.620085
46,Belgium,BEL,2012,45.9131579567486,37906.0,0.1565715,12.081284,75,46.853887
47,Belgium,BEL,2013,45.5420739156994,37737.0,0.1445081,11.894421,75,47.618408
48,Belgium,BEL,2014,45.1719874254131,38228.0,0.07649596,11.723234,76,47.290399
49,Belgium,BEL,2015,41.5945806757549,38569.0,0.07075855,11.571075,77,46.499201
50,Belgium,BEL,2016,41.0067723774795,38766.0,0.05981615,11.657463,77,45.71115
51,Belgium,BEL,2017,39.9530300071835,39352.16,0.1478686,11.706933,75,46.277363
52,Belgium,BEL,2018,39.8359928240344,39756.2,0.0811136,11.758485,75,46.231867
53,Bosnia and Herzegovina,BIH,2012,39.0326694266153,8873.0,0.05898651,19.496527,42,38.500896
54,Bosnia and Herzegovina,BIH,2013,37.3655580614393,9093.0,0.05898651,18.558352,42,37.526007
55,Bosnia and Herzegovina,BIH,2014,39.9462725386932,9201.0,0.05898651,18.780757,39,37.772528
56,Bosnia and Herzegovina,BIH,2015,36.91188274501,9495.0,0.05898651,19.011652,38,37.673384
57,Bosnia and Herzegovina,BIH,2016,35.3219267006326,9746.0,0.05898651,18.756775,39,37.572919
58,Bosnia and Herzegovina,BIH,2017,34.3505832762342,10069.24,0.05898651,18.620471,38,37.880265
59,Bosnia and Herzegovina,BIH,2018,35.0127443148445,10460.52,0.05898651,18.759944,38,38.064264
60,Botswana,BWA,2012,30.4844010069283,13743.0,15.54525,4.736541,65,26.631872
61,Botswana,BWA,2013,28.2394019164035,14853.0,13.262099999999998,3.941727,64,25.822333
62,Botswana,BWA,2014,27.7328216905313,15082.0,12.85229,3.907643,63,25.77673
63,Botswana,BWA,2015,29.3151684106963,14805.0,14.76226,3.765421,63,23.893309
64,Botswana,BWA,2016,25.8161516572751,15198.0,14.38431,3.869515,60,20.871931
65,Botswana,BWA,2017,26.0514699339513,15397.43,13.98474,4.330855,61,22.15399
66,Botswana,BWA,2018,26.523882513539,15842.13,13.42597,3.887269,61,19.856591
67,Brazil,BRA,2012,30.7940528879955,14985.0,3.731201,14.612043,43,34.029332
68,Brazil,BRA,2013,30.836545353499,15306.0,3.079697,14.330578,42,34.033073
69,Brazil,BRA,2014,32.0694502021165,15258.0,2.731255,13.803305,43,33.341783
70,Brazil,BRA,2015,36.9245072513578,15826.0,3.1530790000000004,13.821028,38,33.677321
71,Brazil,BRA,2016,36.491652740934,13873.0,3.871028,13.505674,40,33.789265
72,Brazil,BRA,2017,36.2477144302743,13951.6,4.418437,13.856709,37,34.013032
73,Brazil,BRA,2018,35.4542411829326,14033.57,4.420116999999999,14.193821,35,34.34499
74,Bulgaria,BGR,2012,31.0926582207308,15204.0,2.200165,14.523247,41,26.556646
75,Bulgaria,BGR,2013,33.2615372976706,15420.0,1.783777,15.1472,41,28.298901
76,Bulgaria,BGR,2014,38.1191632760791,15711.0,1.631155,14.449594,43,28.288307
77,Bulgaria,BGR,2015,34.7072807442347,16373.0,3.394833,15.174983,41,28.932394
78,Bulgaria,BGR,2016,32.2838973247196,17037.0,1.948435,15.010286,41,28.928706
79,Bulgaria,BGR,2017,32.1891242171558,17763.69,1.371766,14.685237,43,29.267881
80,Bulgaria,BGR,2018,32.6902618178281,18444.26,0.8704606,14.691575,42,29.744609
81,Burkina Faso,BFA,2012,12.9214457539664,1388.0,47.93311,7.703477,38,14.032576
82,Burkina Faso,BFA,2013,12.3336649866679,1422.0,45.55747,8.216056,38,14.927142
83,Burkina Faso,BFA,2014,12.8787351779888,1437.0,43.84384,7.815845,38,13.804465
84,Burkina Faso,BFA,2015,13.1974934417641,1450.0,43.106640000000006,8.107109,38,13.569277
85,Burkina Faso,BFA,2016,14.7098212612735,1483.0,40.87778,8.412826,42,14.320317
86,Burkina Faso,BFA,2017,18.4897905554418,1530.2,38.42698,8.991971,42,15.203913
87,Burkina Faso,BFA,2018,17.1870329343652,1589.62,35.36475,8.729303,41,15.242578
88,Cameroon,CMR,2012,13.2138584486133,2541.0,30.243170000000006,5.682727,26,12.693079
89,Cameroon,CMR,2013,13.4836008129512,2612.0,28.09722,6.27079,25,13.395773
90,Cameroon,CMR,2014,13.3737987457744,2696.0,25.97455,6.40711,27,13.736918
91,Cameroon,CMR,2015,12.9360163216716,2778.0,24.96871,6.665728,27,14.063711
92,Cameroon,CMR,2016,12.3268026333433,2828.0,23.96946,6.731383,26,13.376192
93,Cameroon,CMR,2017,10.8547845195405,2850.27,23.65888,7.153934,25,13.612244
94,Canada,CAN,2012,17.5175199279774,42445.0,0.2465213999999999,7.253773,84,31.177492
95,Canada,CAN,2013,17.0848821579089,42994.0,0.4964854,7.141492,81,31.131873
96,Canada,CAN,2014,16.4020498301416,43607.0,0.2421581,7.169938,81,31.266341
97,Canada,CAN,2015,17.0597786823228,43619.0,0.2459045,7.539485,83,32.820355
98,Canada,CAN,2016,17.498604071126,43745.0,0.2487136999999999,7.684277,82,33.257933
99,Canada,CAN,2017,17.6065954076372,44591.64,0.2470106,7.816046,82,33.121062
100,Canada,CAN,2018,17.5679285468418,44868.74,0.2470106,7.764789,81,33.109674
101,Cape Verde,CPV,2012,25.1242041736301,6273.0,4.816529,8.273274,60,17.672061
102,Cape Verde,CPV,2013,25.0065920028377,6234.0,4.374455,8.605446,58,17.732142
103,Cape Verde,CPV,2014,26.4930661736165,6262.0,3.889617,8.280738,57,16.856394
104,Cape Verde,CPV,2015,28.4671181084216,6266.0,3.350823,8.900371,55,18.665247
105,Cape Verde,CPV,2016,28.1452448238732,6418.0,3.05792,8.702887,59,18.699485
106,Cape Verde,CPV,2017,28.4248291128302,6576.94,2.801914,9.604834,55,20.118321
107,Central African Republic,CAF,2012,8.18447190574619,916.0,57.92128,2.298879,26,8.343798
108,Central African Republic,CAF,2014,8.27197400077813,561.0,75.8361,2.116339,24,3.965463
109,Central African Republic,CAF,2015,9.30655844158761,576.0,74.6111,3.241598,24,6.074256
110,Central African Republic,CAF,2016,9.02134552692702,589.0,73.4232,3.633788,20,7.212099
111,Central African Republic,CAF,2017,8.67679860120799,606.7,72.3733,3.382298,23,7.030525
112,Central African Republic,CAF,2018,10.1233533419528,623.49,71.38996999999999,4.076989,26,8.074966
113,Chile,CHL,2012,19.9288490425388,20531.0,0.465755,9.499414,72,18.778415
114,Chile,CHL,2016,22.0260159680136,21696.0,0.2875647,10.32606,66,18.838504
115,Chile,CHL,2017,22.2932311335414,21650.39,0.2875912,10.601373,67,18.933913
116,Chile,CHL,2018,22.4531213888253,22104.77,0.2768941,10.332239,67,19.732234
117,Congo,COG,2012,11.6546669888328,5949.0,36.60079,2.889332,26,6.863547
118,Congo,COG,2013,10.8769536250591,6031.0,37.989,3.337163,22,8.624762
119,Congo,COG,2014,12.7693252988698,6321.0,36.59579,3.764996,23,9.587739
120,Congo,COG,2016,17.7695869864264,5974.0,44.56631,5.430126,20,13.417558
121,Congo,COG,2017,17.0799303880913,5747.03,48.263000000000005,4.586843,21,11.234667
122,Congo,COG,2018,18.4381634327242,5714.59,52.92175,3.131459,19,7.808489
123,Costa Rica,CRI,2012,25.944683160715,12792.0,1.691766,8.116542,54,13.377395
124,Costa Rica,CRI,2013,26.5177395774488,12916.0,1.621999,8.161072,53,13.589349
125,Costa Rica,CRI,2014,26.7358581094094,13222.0,1.493163,7.906451,54,13.204137
126,Costa Rica,CRI,2015,28.5548940715519,13677.0,1.541473,7.92387,55,13.412677
127,Costa Rica,CRI,2016,27.1467334171331,14098.0,1.265725,7.83528,58,13.909953
128,Costa Rica,CRI,2017,25.3967283752901,14470.78,1.057941,7.555899,59,13.439
129,Costa Rica,CRI,2018,28.9583029542728,14686.25,1.4556,7.332069,56,13.406757
130,Croatia,HRV,2012,40.9342412542824,19441.0,0.8355705,17.504354,46,36.014712
131,Croatia,HRV,2013,40.2041024106968,19298.0,0.7288680999999999,18.17944,48,36.660207
132,Croatia,HRV,2014,41.5708604650836,19284.0,0.9818141,18.378539,48,36.729025
133,Croatia,HRV,2015,40.7341962063661,19698.0,0.6102966999999999,18.979311,51,37.205367
134,Croatia,HRV,2016,39.9175740336542,20376.0,0.6206111999999999,19.140985,49,37.655149
135,Croatia,HRV,2017,38.6257394743625,21232.36,0.5297635,19.329638,49,37.586929
136,Croatia,HRV,2018,38.6832141026486,22012.31,0.4375505,19.744749,48,38.249901
137,Cyprus,CYP,2012,41.362029922981,26011.0,0.0042377989999999,12.42683,66,23.400031
138,Cyprus,CYP,2013,42.4379772410808,24519.0,0.09701857,12.283968,63,23.580439
139,Cyprus,CYP,2014,48.9869255940895,24411.0,0.0783298,13.567413,63,24.790591
140,Cyprus,CYP,2015,39.6002920829778,24963.0,0.0,13.233617,61,24.128271
141,Cyprus,CYP,2016,36.3382611332461,25577.0,0.04114901,13.289133,55,23.621427
142,Cyprus,CYP,2017,35.3496348933398,26445.29,0.03282886,13.201789,57,24.060636
143,Cyprus,CYP,2018,39.2425395735811,27184.42,0.01650658,13.575556,59,24.31787
144,Czechia,CZE,2012,36.608882754141,26474.0,0.03220716,11.520814,49,33.468001
145,Czechia,CZE,2013,34.7340247962072,26338.0,0.04569093,11.76809,48,33.741021
146,Czechia,CZE,2014,34.4712071473706,27024.0,0.0,11.032164,51,32.876466
147,Czechia,CZE,2015,33.2582980245074,28194.0,0.008764511,11.337468,56,33.164371
148,Czechia,CZE,2016,32.8355368174225,28823.0,0.0,11.502853,55,34.061222
149,Czechia,CZE,2017,31.8073908236043,29997.76,0.0,11.589864,57,34.470161
150,Czechia,CZE,2018,32.2173184476303,30748.51,0.008861816,11.392456,59,35.017757
151,Denmark,DNK,2012,43.523694932766,43510.0,0.0,15.252694,90,46.628457
152,Denmark,DNK,2013,41.4137695541439,43733.0,0.3109156,14.930802,91,46.881634
153,Denmark,DNK,2014,40.9107774305507,44241.0,0.2026108999999999,14.685827,92,49.48588
154,Denmark,DNK,2015,40.4442008479026,44635.0,0.1754259,14.682126,91,46.979586
155,Denmark,DNK,2016,38.3836154110677,44836.0,0.278387,14.849123,90,46.371945
156,Denmark,DNK,2017,37.0221526730792,45455.56,0.1409052,14.692315,88,46.315122
157,Denmark,DNK,2018,36.7952367859054,46312.34,0.1701118,14.715262,88,44.998802
158,Dominican Republic,DOM,2012,15.8349209837727,11848.0,2.598818,8.103034,32,13.078858
159,Dominican Republic,DOM,2013,15.4533387570096,12251.0,2.165483,8.366048,29,13.562794
160,Dominican Republic,DOM,2014,15.6419047050747,13017.0,2.079124,7.981584,32,13.438208
161,Dominican Republic,DOM,2015,15.2054975505956,13762.0,1.780836,7.528068,33,12.837583
162,Dominican Republic,DOM,2016,16.1490037375533,14489.0,1.636527,7.455441,31,12.913341
163,Dominican Republic,DOM,2017,16.0194816377183,15018.94,0.6919554,7.433771,29,13.046775
164,Dominican Republic,DOM,2018,15.704552140793,15912.4,0.4349851999999999,7.929709,30,13.084388
165,El Salvador,SLV,2012,22.9022053992888,7726.0,4.219873000000001,9.783503,38,16.182549
166,El Salvador,SLV,2013,22.9958023679719,7845.0,3.361626,9.911327,38,17.054704
167,El Salvador,SLV,2014,22.7697275949609,7935.0,3.099384,9.780535,39,16.709143
168,El Salvador,SLV,2015,22.7632940909989,8109.0,1.989589,9.926327,39,16.752856
169,El Salvador,SLV,2016,23.2079037686245,8280.0,2.323181,9.58453,36,17.355084
170,El Salvador,SLV,2017,24.8439799541384,8428.03,1.904775,9.915096,33,17.753886
171,El Salvador,SLV,2018,24.7270938497397,8598.2,1.515231,10.17077,35,18.062182
172,Estonia,EST,2012,33.8650992477482,23026.0,0.7154801,13.337821,64,31.660019
173,Estonia,EST,2013,34.0049739951765,23436.0,0.8349501,12.964903,68,31.662954
174,Estonia,EST,2014,33.6650315485786,24146.0,0.6774641,13.335431,69,32.143325
175,Estonia,EST,2015,35.8922280421023,24493.0,0.5868315,13.835386,70,33.314671
176,Estonia,EST,2016,35.9902620378517,24857.0,0.4700585999999999,14.246409,70,33.47607
177,Estonia,EST,2017,34.9567779825657,26254.2,0.268706,13.825425,71,32.773824
178,Estonia,EST,2018,35.525241450505,27408.66,0.2273624,13.585666,73,33.145763
179,Finland,FIN,2012,38.8973174092331,37704.0,0.05272516,14.309804,90,42.547392
180,Finland,FIN,2013,40.0898586048424,37246.0,0.08513759,14.692567,89,43.538354
181,Finland,FIN,2014,40.5525454694848,36858.0,0.06616784,14.635302,89,43.646839
182,Finland,FIN,2015,40.4243442060695,36836.0,0.07020851,14.434326,90,43.667242
183,Finland,FIN,2016,39.5843102639782,37239.0,0.04643161,14.75602,89,43.869013
184,Finland,FIN,2017,37.8973137546895,38366.56,0.06577773,14.433432,85,42.989205
185,Finland,FIN,2018,37.3395351225524,38896.7,0.05677426,14.612876,85,42.488168
186,France,FRA,2012,48.0719239335045,36571.0,0.0535000199999999,11.962738,71,46.321955
187,France,FRA,2013,48.119369598085,36632.0,0.06039008,11.962612,71,47.348608
188,France,FRA,2014,48.2894176805372,36527.0,0.01867867,12.082498,69,47.424655
189,France,FRA,2015,47.9919779188076,36827.0,0.133555,12.224596,70,47.220835
190,France,FRA,2016,47.8819262450825,37124.0,0.05812588,12.38861,69,47.295368
191,France,FRA,2017,47.7079907123412,37895.0,0.01362595,12.670722,70,47.941356
192,France,FRA,2018,46.8057815373237,38515.92,0.0211680499999999,12.862804,72,47.740274
193,Georgia,GEO,2012,24.3927969354288,9491.0,8.464172,13.589084,52,24.501414
194,Georgia,GEO,2013,22.8922362388129,9829.0,6.429873000000001,12.485923,49,23.289966
195,Georgia,GEO,2014,24.0312941781262,10297.0,4.917639,13.201067,52,23.266932
196,Georgia,GEO,2015,24.040076617062,10603.0,3.696668,12.89583,52,23.606306
197,Georgia,GEO,2016,24.3939055698181,10899.0,3.80347,12.155654,57,24.517524
198,Georgia,GEO,2017,22.9924733082117,11430.72,4.97611,13.673274,56,23.990236
199,Georgia,GEO,2018,21.3987183684085,11984.9,4.48853,13.212404,58,23.557255
200,Germany,DEU,2012,28.4938677234993,43320.0,0.0,10.926058,79,38.209951
201,Germany,DEU,2013,28.5460010315329,43413.0,0.0,10.831347,78,38.336041
202,Germany,DEU,2014,28.0521822895851,43922.0,0.0,10.699541,79,38.172954
203,Germany,DEU,2015,27.9881897309479,44293.0,0.0,10.775202,81,38.604511
204,Germany,DEU,2016,27.902920178388,44689.0,0.0,10.669848,81,39.079541
205,Germany,DEU,2017,28.1394906529728,45619.78,0.0,10.380384,81,39.145362
206,Germany,DEU,2018,27.9936003050879,46177.62,0.0,10.587264,80,39.89751
207,Ghana,GHA,2012,26.8839178478186,3508.0,12.16925,4.218711,45,10.994393
208,Ghana,GHA,2013,19.2811347841059,3683.0,11.09518,3.978002,46,10.286526
209,Ghana,GHA,2014,19.259239760267,3747.0,11.70069,4.175021,48,10.89923
210,Ghana,GHA,2015,31.2181278495343,3809.0,12.39428,5.63272,47,11.740752
211,Ghana,GHA,2016,18.8485883944526,3878.0,12.77348,6.577244,43,12.377316
212,Ghana,GHA,2017,17.8156768372428,4103.56,12.34434,5.972997,40,12.673002
213,Ghana,GHA,2018,18.1363296200832,4267.07,11.58267,5.697428,41,13.164573
214,Greece,GRC,2012,56.0782003962201,22693.0,1.469778,14.174925,36,39.363232
215,Greece,GRC,2013,60.246709364575,22118.0,0.9991765,14.450272,40,38.783293
216,Greece,GRC,2014,48.9192443293361,22344.0,1.531867,14.576908,43,39.377724
217,Greece,GRC,2015,51.3610169812973,22442.0,1.398611,14.800409,46,39.818863
218,Greece,GRC,2016,48.3146721245836,22574.0,1.05405,15.900182,44,42.067988
219,Greece,GRC,2017,47.5038722988615,22959.12,0.8870735999999999,15.810152,48,42.237175
220,Greece,GRC,2018,47.8402581609045,23450.77,0.1395626999999999,16.025416,45,42.683626
221,Guatemala,GTM,2012,13.1714004750496,6714.0,9.813117,6.625462,33,11.266811
222,Guatemala,GTM,2013,13.0330962185914,6829.0,9.55372,6.614294,29,11.445102
223,Guatemala,GTM,2014,12.6108288856672,6981.0,8.778929,6.415433,32,11.342269
224,Guatemala,GTM,2015,12.1420559650437,7138.0,8.067617,6.205827,28,10.819627
225,Guatemala,GTM,2016,12.254288641681,7221.0,7.613339999999999,6.109784,28,11.208349
226,Guatemala,GTM,2017,12.3318455896311,7308.27,7.409486999999999,6.127467,28,10.999731
227,Guatemala,GTM,2018,12.4700151305598,7402.11,7.165473,6.203878,27,10.947822
228,Honduras,HND,2012,23.4992682867094,4518.0,20.06374,9.084309,28,18.383396
229,Honduras,HND,2013,23.8938403917359,4561.0,17.67793,9.154688,26,19.027241
230,Honduras,HND,2014,24.2419177349486,4620.0,16.289070000000002,10.586504,29,20.185273
231,Honduras,HND,2015,21.9760874717836,4706.0,16.3522,11.075014,31,20.823831
232,Hungary,HUN,2012,44.717335912369,20631.0,0.3058152,17.253154,55,39.141781
233,Hungary,HUN,2013,47.0267773312927,21126.0,0.1071305,17.024643,54,38.661625
234,Hungary,HUN,2014,45.1074922321905,22040.0,0.6437448,16.950101,54,38.574524
235,Hungary,HUN,2015,43.3043460354264,22788.0,0.5698475000000001,17.109013,51,38.817448
236,Hungary,HUN,2016,43.5636482198511,23279.0,1.330806,16.701224,48,39.163043
237,Hungary,HUN,2017,41.8875359126133,24349.96,0.5919386,16.461263,45,37.944781
238,Hungary,HUN,2018,39.6385353540258,25622.81,0.2075304,16.64991,46,36.912306
239,Iceland,ISL,2012,29.8585048298983,36990.0,0.03355582,11.614138,82,33.950962
240,Iceland,ISL,2013,28.0233605793297,38258.0,0.04702634,11.409099,78,34.319302
241,Iceland,ISL,2014,28.894323795844,38563.0,0.0,11.375829,79,37.110713
242,Iceland,ISL,2015,26.8283030792637,39727.0,0.03449018,11.345002,79,35.138681
243,Iceland,ISL,2017,26.9659896609956,42978.23,0.0,12.546153,77,37.199347
244,Iceland,ISL,2018,25.8335503164382,43438.54,0.0,12.187623,76,36.534321
245,India,IND,2013,16.6386825486976,5172.0,19.0892,9.124813,36,17.455372
246,India,IND,2014,14.8031376442025,5458.0,16.995569999999994,8.557347,38,16.343401
247,India,IND,2015,15.1256903622833,5794.0,14.541390000000002,9.219561,38,16.823866
248,India,IND,2016,15.2719500252282,6125.0,12.23808,9.822703,40,17.365958
249,Indonesia,IDN,2014,15.9053658966348,10090.0,6.182757,3.86955,34,10.851769
250,Indonesia,IDN,2015,14.5013182937363,10484.0,5.813076000000001,3.678533,36,10.757975
251,Indonesia,IDN,2016,14.8729842077676,10911.0,5.239999,3.322118,37,10.361459
252,Indonesia,IDN,2017,14.2990290989907,11364.55,4.4551870000000005,3.539413,37,9.889752
253,Indonesia,IDN,2018,14.8190963634313,11851.74,3.626934,3.625641,38,10.250185
254,Ireland,IRL,2012,40.1203560740449,48333.0,0.2471737999999999,9.921724,69,29.461814
255,Ireland,IRL,2013,38.4099976538321,48743.0,0.6546479000000001,10.126494,72,29.887235
256,Ireland,IRL,2014,35.139094691234,52651.0,0.3889538,10.245578,74,29.983959
257,Ireland,IRL,2015,27.4171854024127,54278.0,0.3296202,8.044008,75,24.0216
258,Ireland,IRL,2016,26.105261834766,56597.0,0.1311761,8.244648,73,24.517455
259,Ireland,IRL,2017,24.3804965452817,60544.28,0.2431960999999999,7.791587,74,23.377769
260,Ireland,IRL,2018,23.4819078165507,64684.3,0.2431960999999999,7.385296,73,23.132986
261,Israel,ISR,2012,37.809934752492,29517.0,0.4891973,11.75407,60,30.941587
262,Israel,ISR,2013,37.7191960063202,30257.0,0.4908148,12.052053,61,31.653782
263,Israel,ISR,2014,36.2913787005219,30686.0,0.4924324,12.328647,60,31.812961
264,Israel,ISR,2015,35.596620683171,30954.0,0.2354633,12.184526,61,32.023185
265,Israel,ISR,2016,35.5379437138968,31701.0,0.2413946,12.066846,64,31.9267
266,Israel,ISR,2017,36.6376997944587,32339.09,0.2413946,11.570303,62,33.271451
267,Israel,ISR,2018,36.9995901091019,32954.77,0.2413946,11.530941,61,31.631901
268,Italy,ITA,2012,43.6129655352602,34068.0,1.171693,12.487441,42,43.920604
269,Italy,ITA,2013,43.7106452805216,33094.0,1.366527,12.550736,43,44.127101
270,Italy,ITA,2014,43.645112195755,32829.0,1.23212,12.838928,43,43.610528
271,Italy,ITA,2015,43.6172905509694,33118.0,1.948866,12.774986,44,43.241499
272,Italy,ITA,2016,43.2719490445379,33419.0,1.625868,13.003202,47,42.522422
273,Italy,ITA,2017,42.9010761762919,34027.34,1.418087,12.973817,50,42.193631
274,Italy,ITA,2018,42.5232840618574,34364.17,1.408868,12.908381,52,42.01721
275,Jamaica,JAM,2012,27.5103722033504,7053.0,1.891137,12.016368,38,23.472061
276,Jamaica,JAM,2013,25.0159858498313,7017.0,1.891137,12.61063,38,23.57212
277,Jamaica,JAM,2014,25.6804451967178,7005.0,1.891137,12.834821,38,23.334574
278,Jamaica,JAM,2015,25.7864695383499,7024.0,1.836437,13.506507,41,24.337167
279,Jamaica,JAM,2016,26.2014254567836,7084.0,1.836437,14.116205,39,25.115022
280,Jamaica,JAM,2017,26.6616007704384,7135.18,1.836437,15.51024,44,25.821164
281,Jamaica,JAM,2018,26.5577947196904,7272.98,1.795413,15.57397,44,26.266997
282,Jordan,JOR,2012,28.8746412441361,11523.0,0.1041224999999999,10.585014,48,15.029162
283,Jordan,JOR,2013,26.2399999345942,11488.0,0.1027425999999999,10.8147,45,15.020643
284,Jordan,JOR,2014,27.4877592741813,11523.0,0.1041224999999999,11.251051,49,15.511811
285,Jordan,JOR,2015,25.7146982444767,11519.0,0.1041224999999999,10.146731,53,15.018798
286,Jordan,JOR,2016,25.8578401764743,11529.0,0.1041224999999999,10.181825,48,15.074142
287,Jordan,JOR,2017,25.6819965299611,11494.38,0.1041224999999999,10.181633,48,14.812585
288,Jordan,JOR,2018,26.5607674087488,11506.34,0.1041224999999999,10.447477,49,14.915032
289,Kazakhstan,KAZ,2016,16.3309403041021,23842.0,0.01151561,3.184934,29,15.228497
290,Kazakhstan,KAZ,2017,19.0261392086365,24556.91,0.01941736,3.061852,31,16.204827
291,Kazakhstan,KAZ,2018,14.7050433078792,25307.56,0.01053785,3.290222,31,17.940929
292,Kenya,KEN,2014,22.8228352113594,2942.0,38.30931,6.626271,25,16.880745
293,Kenya,KEN,2015,22.6933355315117,3046.0,37.609,6.364042,25,16.259931
294,Kenya,KEN,2017,26.1057081796278,3249.88,35.1092,6.466028,28,15.643769
295,Kenya,KEN,2018,24.8264807403605,3377.47,32.95964,6.225645,27,15.095161
296,Kyrgyzstan,KGZ,2014,25.9976655502703,4644.0,0.8634987000000001,11.544969,27,26.128916
297,Kyrgyzstan,KGZ,2015,27.2419483499478,4754.0,1.833473,11.825831,28,25.301994
298,Kyrgyzstan,KGZ,2016,27.0350965882562,4879.0,1.005343,11.414563,28,25.10225
299,Kyrgyzstan,KGZ,2017,26.0497698575071,5055.92,1.082618,11.060123,29,24.73011
300,Kyrgyzstan,KGZ,2018,25.4852528760826,5176.99,0.5698184000000001,11.831324,29,25.615769
301,Latvia,LVA,2012,44.1395792425948,19405.0,1.031883,12.069871,49,29.155922
302,Latvia,LVA,2013,43.5655525819318,20129.0,1.1387619999999998,12.486887,53,29.461534
303,Latvia,LVA,2014,44.6931375541388,20751.0,0.7913559000000001,12.909261,55,30.070844
304,Latvia,LVA,2015,43.6423444511606,21488.0,0.6162509,13.114959,56,30.188404
305,Latvia,LVA,2016,42.4801914748516,22092.0,0.6330571,13.639188,57,31.148036
306,Latvia,LVA,2017,42.9021926034088,23132.8,0.7520544,13.570562,58,31.560359
307,Latvia,LVA,2018,42.5917778981867,24312.68,0.3419552,13.979896,58,31.515136
308,Lebanon,LBN,2012,26.7875256190645,16315.0,0.0,7.684864,30,15.42647
309,Lebanon,LBN,2013,26.6753595948458,15055.0,0.0,6.996878,28,14.238698
310,Lebanon,LBN,2014,25.9257099455004,13416.0,0.0,6.793088,27,14.285785
311,Lebanon,LBN,2015,22.8929491512968,12953.0,0.0,6.471258,28,13.646322
312,Lebanon,LBN,2016,25.8178220418632,12972.0,0.0,6.496356,28,13.702853
313,Lebanon,LBN,2017,25.9283576418697,12880.78,0.0,6.737932,28,15.603567
314,Lebanon,LBN,2018,29.3142901458401,12558.97,0.0,6.876987,28,15.576404
315,Lesotho,LSO,2012,40.0545805194853,2456.0,34.867470000000004,8.673212,45,50.370192
316,Lesotho,LSO,2013,42.7084352076653,2559.0,32.49917,7.942062,49,47.159199
317,Lesotho,LSO,2014,38.3219215273304,2644.0,30.95887,8.554625,49,46.793329
318,Lesotho,LSO,2015,38.2429492955278,2710.0,29.320400000000006,15.131197,44,33.423863
319,Lesotho,LSO,2016,40.5922587922319,2767.0,27.6034,12.901009,39,29.197456
320,Lesotho,LSO,2017,39.7249214445403,2720.65,27.19775,15.439895,42,33.123237
321,Lesotho,LSO,2018,39.9070143814091,2731.47,27.67365,15.548924,41,33.724426
322,Lithuania,LTU,2012,33.882591354014,21303.0,0.9477926,10.914912,54,27.264744
323,Lithuania,LTU,2013,33.0673224286814,22274.0,0.7050082,10.737083,57,27.000457
324,Lithuania,LTU,2014,32.6602619572601,23252.0,1.262026,10.893882,58,27.782805
325,Lithuania,LTU,2015,32.7646547133755,23889.0,0.7198585999999999,11.378589,59,28.993504
326,Lithuania,LTU,2016,32.6300000755981,24743.0,1.270506,11.405624,59,29.991247
327,Lithuania,LTU,2017,31.0779513163132,26157.21,1.0225069999999998,11.360242,59,29.771421
328,Lithuania,LTU,2018,32.0670657354744,27370.55,0.9250136999999998,11.275817,59,30.323688
329,Luxembourg,LUX,2012,40.7645567502518,52562.0,0.04361895,11.311729,80,39.714744
330,Luxembourg,LUX,2013,40.7290198014777,53411.0,0.08910331,11.245101,80,39.53037
331,Luxembourg,LUX,2014,39.2515542452142,55102.0,0.1399249,11.437917,82,38.821
332,Luxembourg,LUX,2015,38.6357684106237,55972.0,0.3001245,10.028291,85,38.342855
333,Luxembourg,LUX,2016,37.655257738257,57006.0,0.1172194999999999,9.894272,81,38.185643
334,Luxembourg,LUX,2017,38.5617376610229,56779.55,0.2831299,9.807547,82,39.007669
335,Luxembourg,LUX,2018,38.7803227151606,57427.5,0.2848179,10.197899,81,41.110419
336,Madagascar,MDG,2012,8.75652777967477,1351.0,78.84057,5.14406,32,8.368254
337,Madagascar,MDG,2013,9.40419444782084,1345.0,78.99672,5.599242,28,8.785589
338,Madagascar,MDG,2014,9.8527408636342,1354.0,78.76948999999998,5.24713,28,8.441132
339,Madagascar,MDG,2015,9.5586863727558,1360.0,78.63083,5.439548,28,8.945309
340,Madagascar,MDG,2016,9.3172634299219,1381.0,78.19301,5.432678,26,9.244851
341,Madagascar,MDG,2017,10.5891151168471,1399.58,77.81183,6.018517,24,9.964393
342,Madagascar,MDG,2018,9.93753212519126,1427.6,77.22985999999999,5.912655,25,10.82391
343,Malawi,MWI,2012,17.2765787236594,1085.0,71.80288,6.294057,37,13.55707
344,Malawi,MWI,2013,18.9074018875803,1104.0,70.59529,5.922135,37,14.12904
345,Malawi,MWI,2014,20.469302905523,1129.0,68.54052,7.184746,33,15.934133
346,Malawi,MWI,2015,18.6729778877219,1124.0,68.90065,6.328072,31,15.17326
347,Malawi,MWI,2016,17.9497960522711,1112.0,69.46826999999999,6.552011,31,15.323005
348,Malawi,MWI,2017,13.4795513905965,1118.77,68.69707000000001,7.433856,31,17.490828
349,Malawi,MWI,2018,15.1770331131063,1116.64,68.34913,7.528912,32,17.408019
350,Malaysia,MYS,2014,19.6835443850248,21683.0,0.02060711,2.931827,52,14.63293
351,Malaysia,MYS,2015,18.2910432040136,22432.0,0.01629322,4.23972,50,14.056864
352,Mali,MLI,2012,11.9890875202287,1448.0,52.38192,4.912899,34,12.991313
353,Mali,MLI,2013,13.2536663527282,1443.0,52.79091,5.320645,28,12.30017
354,Mali,MLI,2014,12.9583593938241,1505.0,50.35727,5.11488,32,12.554578
355,Mali,MLI,2015,12.2766221931956,1553.0,48.45478,6.510294,35,13.971834
356,Mali,MLI,2016,12.3148516316637,1594.0,46.32163,6.835957,32,14.909895
357,Mali,MLI,2017,12.5069979898467,1629.36,44.57956,6.825793,31,15.175901
358,Mali,MLI,2018,12.3716813160241,1667.3,43.42856,5.30481,32,11.875182
359,Malta,MLT,2012,40.1202260586655,24301.0,0.1177221,13.311733,57,32.54226
360,Malta,MLT,2013,39.3550472004258,25162.0,0.02966614,12.950655,56,32.347684
361,Malta,MLT,2014,38.201748762613,26998.0,0.0,13.184402,55,32.396343
362,Malta,MLT,2015,35.8583177451213,28700.0,0.08437796,12.317775,60,30.302511
363,Malta,MLT,2016,34.9928133198208,29817.0,0.09208711,12.411976,55,31.205335
364,Malta,MLT,2017,33.9130711754091,30901.93,0.1598865,12.4394,56,31.559839
365,Malta,MLT,2018,34.6308412205855,32028.91,0.1033805999999999,12.94824,54,31.844324
366,Mauritius,MUS,2012,20.3563158074857,16893.0,0.5545372,13.549669,57,19.171439
367,Mauritius,MUS,2013,21.8761300440122,17311.0,0.5082162,13.250429,52,19.008746
368,Mauritius,MUS,2014,22.2873423081043,17818.0,0.4302409,13.083849,54,19.018319
369,Mauritius,MUS,2015,11.6981631791711,18322.0,0.3758231999999999,6.348193,53,8.921694
370,Mauritius,MUS,2016,23.7491651811898,18918.0,0.3364831,12.839618,54,17.992179
371,Mauritius,MUS,2017,22.9829140861459,19521.58,0.2099292999999999,13.022513,50,18.405104
372,Mauritius,MUS,2018,23.4576643956647,20138.57,0.1810409999999999,13.563246,51,19.010691
373,Mexico,MEX,2012,21.8738236696411,15639.0,3.839893,4.330137,34,9.770672
374,Mexico,MEX,2013,21.5513225621164,15680.0,3.796442,4.049906,34,10.294577
375,Mexico,MEX,2014,21.7817886093984,15856.0,3.721553,4.678407,35,10.628387
376,Mexico,MEX,2015,21.6066474400025,16096.0,2.989971,5.764872,31,12.782394
377,Mexico,MEX,2016,20.9641626663694,16133.0,2.158935,6.043635,30,13.534359
378,Mexico,MEX,2017,20.4117818186306,16308.64,1.927988,5.475863,29,13.035671
379,Mexico,MEX,2018,20.4216458288616,16494.08,1.731753,5.476996,28,13.065272
380,Moldova,MDA,2012,27.8544261925065,4905.0,0.3398075,14.124763,36,27.900834
381,Moldova,MDA,2013,27.1282700136936,5421.0,0.08480972,14.173157,35,27.320824
382,Moldova,MDA,2014,29.0335822529712,5739.0,0.0,14.096657,35,27.176024
383,Moldova,MDA,2015,28.5218258902923,5775.0,0.03120924,13.296994,33,26.586783
384,Moldova,MDA,2016,26.3752852633422,6068.0,0.16489,12.953767,30,26.432733
385,Moldova,MDA,2017,26.8030307765128,6419.14,0.06124441,13.760936,31,27.945003
386,Moldova,MDA,2018,27.2862681586932,6746.73,0.01823872,13.731317,33,28.847834
387,Mongolia,MNG,2012,27.0748266018715,10493.0,0.3525312,9.641416,36,25.71244
388,Mongolia,MNG,2013,23.6688195950368,11545.0,0.255402,9.825681,38,26.697273
389,Mongolia,MNG,2014,23.7332236610683,12283.0,0.2109301999999999,8.215214,39,23.381416
390,Mongolia,MNG,2015,24.0446421620803,12398.0,0.2789459,7.092753,39,22.120578
391,Mongolia,MNG,2016,27.3853749483263,12360.0,0.470293,7.396774,38,20.67839
392,Mongolia,MNG,2017,23.8157954329452,12767.82,0.5199744000000001,7.673186,36,25.157574
393,Mongolia,MNG,2018,22.6196223970425,13382.54,0.4945170999999999,9.101786,37,27.937856
394,Morocco,MAR,2012,29.7839102421212,7365.0,1.101569,13.043085,37,23.90364
395,Morocco,MAR,2013,27.8430555849444,7619.0,1.009801,12.439187,37,22.349089
396,Morocco,MAR,2014,27.5066459471609,7733.0,0.9143525,12.385209,39,22.026951
397,Morocco,MAR,2015,25.1653221316868,8001.0,0.9027859,11.874396,36,21.211499
398,Morocco,MAR,2016,24.5892132775513,8039.0,0.7636227,11.695686,37,21.455866
399,Morocco,MAR,2017,24.5108168700174,8290.81,0.7025076,11.694327,40,21.755245
400,Morocco,MAR,2018,24.6468650735297,8451.14,0.6624114000000001,11.743629,43,21.874243
401,Mozambique,MOZ,2012,22.7024332663793,967.0,65.46452000000001,7.177946,31,17.438314
402,Mozambique,MOZ,2016,18.7247584768741,1113.0,62.48024,7.493005,27,18.400376
403,Mozambique,MOZ,2017,17.6864239733198,1124.66,62.2124,6.400754,25,19.987484
404,Mozambique,MOZ,2018,19.8770922046324,1132.77,62.0187,7.112812,23,19.764015
405,Myanmar,MMR,2017,16.3289058451742,5536.43,1.364026,3.557304,30,6.681493
406,Myanmar,MMR,2018,6.0771819771159,5838.22,1.027527,1.825498,29,2.978487
407,Namibia,NAM,2012,31.6880904421439,8483.0,17.55797,6.523244,48,32.03511
408,Namibia,NAM,2013,35.4484303452898,8793.0,15.594970000000002,8.599678,48,33.133202
409,Namibia,NAM,2014,37.1519272746629,9170.0,14.15823,7.61666,49,34.735531
410,Namibia,NAM,2015,38.001067754021,9462.0,13.89144,8.227696,53,33.501805
411,Namibia,NAM,2016,35.4033290884048,9376.0,14.13244,7.881655,52,30.16651
412,Namibia,NAM,2017,36.6306850639078,9188.0,14.77404,7.346273,51,31.817917
413,Namibia,NAM,2018,33.1036553429304,9043.12,15.25776,6.928937,53,28.832268
414,Nepal,NPL,2012,13.8393358530682,2258.0,8.456313999999999,6.490065,27,12.040799
415,Nepal,NPL,2013,12.6904354155292,2316.0,7.259208,6.905402,31,13.297851
416,Nepal,NPL,2014,13.5829915227027,2421.0,6.4436300000000015,7.362293,29,13.994881
417,Nepal,NPL,2015,13.9897984541113,2455.0,5.884098000000001,7.815583,27,14.686295
418,Nepal,NPL,2016,14.2271107367293,2435.0,6.27957,8.385533,29,16.143777
419,Nepal,NPL,2017,16.8538214472796,2600.03,5.9673940000000005,9.633023,31,17.993396
420,Netherlands,NLD,2012,41.2992406955339,43957.0,0.07584219,10.77223,84,36.103105
421,Netherlands,NLD,2013,41.4141291790759,43744.0,0.08687879,10.927486,83,36.626124
422,Netherlands,NLD,2014,40.9513669664661,44205.0,0.05771296,11.195277,83,37.540205
423,Netherlands,NLD,2015,39.9438847085831,44869.0,0.05277719,11.216537,84,37.464493
424,Netherlands,NLD,2016,38.9886452352482,45600.0,0.04591711,11.661681,83,38.91114
425,Netherlands,NLD,2017,37.7975359888152,46650.76,0.1887662,11.645393,82,39.19184
426,Netherlands,NLD,2018,37.6746637863427,47474.11,0.09979579,11.766089,82,39.274949
427,Nicaragua,NIC,2012,15.2288139821367,4376.0,5.091175,10.033594,29,20.817516
428,Nicaragua,NIC,2013,15.0906897116341,4527.0,4.50082,10.029302,28,21.233147
429,Nicaragua,NIC,2014,15.4277807861718,4685.0,3.408288,9.980581,28,21.76347
430,Nicaragua,NIC,2015,15.9243286883013,4866.0,2.9573660000000004,9.907852,27,22.308141
431,Nicaragua,NIC,2016,16.3937838341333,5045.0,2.5059430000000003,10.033957,26,23.268984
432,Nicaragua,NIC,2017,16.5222678155808,5213.99,2.151676,10.13712,26,23.849274
433,Nicaragua,NIC,2018,16.8472783785496,4952.48,2.9573660000000004,9.179112,25,23.157504
434,North Macedonia,MKD,2012,29.3726417014675,11242.0,6.912792,11.806224,43,25.198038
435,North Macedonia,MKD,2013,28.2476496069864,11544.0,5.225698,11.117952,44,24.128745
436,North Macedonia,MKD,2014,28.3672213651207,11937.0,4.525774,11.617968,45,24.524715
437,North Macedonia,MKD,2015,28.7946070150674,12371.0,5.538926,11.002694,42,25.189908
438,North Macedonia,MKD,2016,27.7831376744929,12644.0,4.330195,11.449342,37,25.286065
439,North Macedonia,MKD,2017,27.9967047089011,12753.21,4.555062,11.486703,35,25.481066
440,North Macedonia,MKD,2018,27.8450405439627,13074.23,3.398556,11.257768,37,25.874709
441,Norway,NOR,2012,33.9455131200421,81759.0,0.1173068,11.047445,85,41.524879
442,Norway,NOR,2013,34.4060869542567,81583.0,0.1304356,11.118332,86,39.935791
443,Norway,NOR,2014,35.8439563756402,82216.0,0.1129212,11.287265,86,38.867822
444,Norway,NOR,2015,38.3843945424998,82713.0,0.1477839,11.756738,88,38.545768
445,Norway,NOR,2016,39.9680066930308,82814.0,0.2506598,12.351407,85,39.004031
446,Norway,NOR,2017,39.0201500159921,84056.33,0.251494,12.145758,85,38.928974
447,Norway,NOR,2018,37.4585947831959,84580.14,0.2545,11.752919,84,39.417766
448,Panama,PAN,2014,13.3007114074125,19855.0,3.5108940000000004,2.856141,37,15.26558
449,Paraguay,PRY,2012,15.7041029014301,7193.0,3.174785,6.26672,25,10.567796
450,Paraguay,PRY,2013,14.5068729811107,8102.0,1.676092,6.026527,24,9.894017
451,Paraguay,PRY,2014,14.7097002292566,8382.0,2.219049,6.59019,24,11.01585
452,Paraguay,PRY,2015,16.1694589460489,8539.0,1.709741,6.567823,27,10.753341
453,Paraguay,PRY,2016,15.4216143903646,8786.0,1.518428,6.393699,30,10.489746
454,Paraguay,PRY,2017,15.6276790931267,9113.79,0.8876265999999999,6.442007,29,11.013065
455,Paraguay,PRY,2018,16.1304844057012,9338.95,1.313047,6.487047,29,9.917485
456,Peru,PER,2012,17.9177884982323,10533.0,4.8106230000000005,8.010277,38,16.542887
457,Peru,PER,2013,18.9583513319003,11034.0,4.358802,8.1044,38,16.36122
458,Peru,PER,2014,20.5114219115948,11186.0,3.72932,8.327518,38,16.680767
459,Peru,PER,2015,20.5675823700928,11445.0,3.642049,8.039899,36,14.887437
460,Peru,PER,2016,19.1880269352898,11776.0,3.532684,7.032065,35,13.650626
461,Peru,PER,2017,20.0177030282009,11952.53,3.423332,6.915381,37,12.951964
462,Peru,PER,2018,19.7211104325813,12310.08,2.685245,7.66952,35,14.044524
463,Philippines,PHL,2012,13.5454813748711,6144.0,11.82541,3.300276,34,12.305926
464,Philippines,PHL,2013,13.20715199779,6472.0,10.43472,3.658078,36,12.743824
465,Philippines,PHL,2014,12.8216477698348,6763.0,9.085454,3.651906,38,13.015515
466,Philippines,PHL,2015,13.4767411156598,7047.0,7.785622999999999,3.782594,35,13.019608
467,Philippines,PHL,2016,13.4351490147382,7410.0,6.620025999999998,3.777727,35,13.087102
468,Philippines,PHL,2017,13.6131575683624,7781.11,5.61305,4.025204,34,13.593795
469,Philippines,PHL,2018,14.2125593180723,8139.14,4.65935,4.232959,36,14.047533
470,Poland,POL,2012,35.0289077158285,22188.0,0.0191032,11.961083,58,33.122752
471,Poland,POL,2013,35.7113881864842,22510.0,0.003894207,11.776137,60,33.078969
472,Poland,POL,2014,35.0410707064568,23266.0,0.0022942929999999,11.854036,61,33.071282
473,Poland,POL,2015,34.2868239176686,24177.0,0.0,11.851858,63,33.39313
474,Poland,POL,2016,34.8372164656904,24838.0,0.0045403679999999,12.337657,62,34.328974
475,Poland,POL,2017,34.3735033306782,26061.16,0.0,12.735748,60,35.028093
476,Poland,POL,2018,33.4543294894547,27455.24,0.001892668,13.034701,60,36.006335
477,Portugal,PRT,2012,44.1980204481795,24218.0,0.6554299,13.318138,63,34.484866
478,Portugal,PRT,2013,45.3738022572742,24076.0,0.8202919,13.050574,62,37.142828
479,Portugal,PRT,2014,47.4354280025151,24423.0,0.5274395000000001,13.390017,63,37.011223
480,Portugal,PRT,2015,43.7563701164476,24915.0,0.4823942,13.672069,64,36.951986
481,Portugal,PRT,2016,41.1299296131519,25346.0,0.374637,13.882566,62,36.579105
482,Portugal,PRT,2017,41.4169071353453,26298.79,0.410496,14.139855,63,36.539056
483,Portugal,PRT,2018,39.1041857604929,27035.6,0.2896285999999999,14.294315,64,36.965432
484,Romania,ROU,2012,33.5106119627421,17174.0,0.0,12.887872,44,27.799844
485,Romania,ROU,2013,31.6153669524659,17979.0,0.0,12.461715,43,27.304683
486,Romania,ROU,2014,32.3714853683844,18515.0,6.531066000000001,12.204914,43,27.416471
487,Romania,ROU,2015,33.2025386207266,19320.0,4.5575980000000005,12.885944,46,27.993159
488,Romania,ROU,2016,31.9389643849788,17782.0,0.0,10.971043,48,26.564421
489,Romania,ROU,2017,31.561960270928,19158.36,3.0722560000000003,10.006994,48,25.727442
490,Romania,ROU,2018,32.9982237581411,20126.29,2.370378,10.166119,47,26.743022
491,Russia,RUS,2012,24.1958551261758,23931.0,0.03408303,6.390753,28,32.045061
492,Russia,RUS,2013,24.606189979681,24224.0,0.009683416,6.227368,28,31.52605
493,Russia,RUS,2014,26.4617539784902,24387.0,0.02160595,6.413767,27,31.868404
494,Russia,RUS,2015,30.6476505158828,23691.0,0.0376815,6.411215,29,29.251169
495,Russia,RUS,2016,31.0284467524216,23635.0,0.0292134,6.932068,29,29.134777
496,Russia,RUS,2017,30.7103051722937,24042.63,0.04329423,7.299984,29,31.299932
497,Russia,RUS,2018,28.94416147321,24668.91,0.03121883,7.300021,28,33.600097
498,Rwanda,RWA,2014,17.4273180272569,1615.0,57.73224,7.120235,49,14.349404
499,Rwanda,RWA,2015,16.9423569935083,1693.0,56.02449000000001,7.312486,54,15.175548
500,Rwanda,RWA,2016,18.4698403890509,1758.0,55.63547,6.996652,54,15.138441
501,Rwanda,RWA,2017,18.6727532242872,1819.08,56.31575,6.582453,55,14.785951
502,Rwanda,RWA,2018,18.6796875279425,1929.29,52.78593000000001,7.230438,56,15.898671
503,Saint Lucia,LCA,2012,19.0556100061739,10067.0,8.921446000000001,4.213198,71,18.698662
504,Saint Lucia,LCA,2013,18.8641397789707,10037.0,5.854953,8.072723,71,18.114592
505,Saint Lucia,LCA,2014,18.6450502623715,10035.0,4.982622,8.086329,71,18.052404
506,Saint Lucia,LCA,2016,18.202077147382,10233.0,4.580246000000002,8.429819,60,19.175501
507,Saint Lucia,LCA,2017,17.6057848235089,10440.01,4.479902,7.219896,55,18.218229
508,Senegal,SEN,2015,18.2988992923632,2311.0,34.548849999999995,8.491157,44,15.29094
509,Senegal,SEN,2016,18.3100718301521,2403.0,32.47264000000001,8.807277,45,15.882933
510,Senegal,SEN,2017,19.7879059351511,2519.68,30.58825,8.131937,45,15.133356
511,Senegal,SEN,2018,19.8471337116101,2617.12,28.839890000000004,8.160044,45,15.369865
512,Serbia,SRB,2012,36.8934025910735,12384.0,5.340191,15.501234,39,34.414232
513,Serbia,SRB,2013,40.7943120704228,12764.0,0.2254789999999999,14.209333,42,31.425419
514,Serbia,SRB,2014,42.6948660815344,12606.0,6.9354200000000015,14.939605,41,32.905561
515,Serbia,SRB,2015,40.6692676119492,12765.0,0.07171906,15.110011,40,32.444809
516,Serbia,SRB,2016,39.2141142958418,13184.0,6.356387000000001,15.900393,42,35.025032
517,Serbia,SRB,2017,37.6084368201004,13488.67,5.405214,15.943067,41,36.087206
518,Serbia,SRB,2018,36.6843099839438,14124.12,0.03704303,15.572854,39,35.916127
519,Seychelles,SYC,2012,27.7947305951448,22130.0,1.236059,12.117804,52,30.405959
520,Seychelles,SYC,2013,27.6462639481181,23036.0,1.15261,15.127446,54,28.065225
521,Seychelles,SYC,2014,29.0908065244128,24250.0,0.9847772,16.874186,55,30.083503
522,Seychelles,SYC,2015,29.1503975731751,25690.0,0.8728071000000001,15.202989,55,29.598633
523,Seychelles,SYC,2017,32.9480379048302,27573.69,0.5968142,18.838187,60,31.987056
524,Seychelles,SYC,2018,31.966736575031,29531.06,0.4588195,18.586351,66,33.306884
525,Slovakia,SVK,2012,39.2091386164925,22816.0,0.3130284,10.505521,46,28.931634
526,Slovakia,SVK,2013,40.1245705066258,23132.0,0.2814993,11.177774,47,31.217463
527,Slovakia,SVK,2014,40.2001439652411,23703.0,0.6290446,11.390299,50,32.114782
528,Slovakia,SVK,2015,40.984910859256,24588.0,0.6617598000000001,11.478375,51,32.883803
529,Slovakia,SVK,2016,40.5985767147872,25364.0,1.331123,11.533974,51,33.500951
530,Slovakia,SVK,2017,38.8577505128352,26096.15,0.7472234999999999,11.926467,50,34.455478
531,Slovakia,SVK,2018,39.1900888178632,27075.53,0.1694571,11.888066,50,34.582307
532,Slovenia,SVN,2012,43.3548204973057,25252.0,0.02625445,14.160089,61,38.016884
533,Slovenia,SVN,2013,53.7343996939952,24944.0,0.02175685,14.701292,57,37.564361
534,Slovenia,SVN,2014,44.560181974461,25693.0,0.0,14.683996,58,37.489911
535,Slovenia,SVN,2015,43.0460158422693,26268.0,0.004852958,14.625329,60,37.615554
536,Slovenia,SVN,2016,41.2041059938432,26908.0,0.0,14.413268,61,37.656353
537,Slovenia,SVN,2017,38.9697777883388,28190.18,0.0,14.107831,61,37.395622
538,Slovenia,SVN,2018,37.8178464527725,29244.92,0.0,13.93386,60,37.598424
539,South Africa,ZAF,2012,33.0817996277345,11992.0,16.94013,10.01499,43,27.633397
540,South Africa,ZAF,2013,34.7019428176683,12171.0,17.4029,10.096956,42,28.123741
541,South Africa,ZAF,2014,34.3213747435785,12242.0,18.0452,10.59488,44,28.726307
542,South Africa,ZAF,2015,35.8675265763326,12246.0,18.72094,11.086904,44,29.451562
543,South Africa,ZAF,2016,34.582437454543,12139.0,19.0491,10.724138,45,29.282852
544,South Africa,ZAF,2017,35.821034129579,12189.36,19.0491,9.750518,43,28.342736
545,South Africa,ZAF,2018,37.7335924933418,12165.79,19.27855,10.097318,43,28.758051
546,South Korea,KOR,2012,24.6334415518133,32791.0,0.2492806,8.197908,56,23.702057
547,South Korea,KOR,2013,24.0326099261397,33588.0,0.2424617,7.759296,55,23.142828
548,South Korea,KOR,2014,23.6188944543038,34493.0,0.2356429,7.955896,55,23.380973
549,South Korea,KOR,2015,23.4894294290035,35269.0,0.231154,7.992302,54,23.73668
550,South Korea,KOR,2016,23.5045488696898,36103.0,0.2266650999999999,8.280084,53,24.744777
551,South Korea,KOR,2017,23.9628732652167,37093.22,0.2266650999999999,8.358074,54,25.356566
552,South Korea,KOR,2018,24.9180357987045,37927.61,0.2266650999999999,8.415637,57,26.685806
553,Spain,ESP,2017,31.742961974133,30908.12,0.6877568000000001,10.710751,57,34.585022
554,Spain,ESP,2018,32.1394139545158,31496.52,0.8774575000000001,10.815286,58,35.278682
555,Sri Lanka,LKA,2012,15.5115452833492,9678.0,2.119701,5.637585,40,10.542833
556,Sri Lanka,LKA,2013,14.6677613572832,9928.0,1.679353,5.284606,37,10.644513
557,Sri Lanka,LKA,2014,14.7710330303848,10342.0,1.491328,5.20235,38,10.281496
558,Sri Lanka,LKA,2015,18.0498742864745,10763.0,1.215858,6.614069,37,12.518879
559,Sri Lanka,LKA,2016,16.7272601598179,11149.0,0.9453691,7.006986,36,12.351823
560,Sri Lanka,LKA,2017,16.5492636882587,11418.13,0.8216948000000001,7.617453,38,12.598714
561,Sri Lanka,LKA,2018,16.4196126035517,11662.91,0.6493260999999999,7.410933,38,12.158305
562,Sudan,SDN,2012,11.8051441893408,3231.0,11.63736,3.411456,13,6.146644
563,Sudan,SDN,2013,11.8962202829381,3451.0,11.57182,3.566016,11,6.336046
564,Sudan,SDN,2014,11.245602160518,3531.0,12.16397,3.154073,11,5.650102
565,Sudan,SDN,2015,10.8458800067214,3625.0,11.33215,3.653484,12,6.023311
566,Sudan,SDN,2016,10.2732276923855,3651.0,10.62583,2.997731,14,4.691516
567,Sweden,SWE,2012,32.758851920581,41650.0,0.4570020999999999,12.447581,88,42.728044
568,Sweden,SWE,2013,33.5219797884777,41811.0,0.6370838000000001,12.390514,89,43.111128
569,Sweden,SWE,2014,33.0312342682826,42476.0,0.4660768,12.226606,87,42.794461
570,Sweden,SWE,2015,32.1570390121278,43746.0,0.4382513999999999,12.271602,89,43.242876
571,Sweden,SWE,2016,31.989809358077,44659.0,0.2614527,12.697173,88,44.717342
572,Sweden,SWE,2017,31.666729368095,45192.74,0.24835,12.55044,84,44.724065
573,Sweden,SWE,2018,31.7143942409615,45541.89,0.6933784000000001,12.490379,85,44.406659
574,Switzerland,CHE,2012,16.3844402850357,58674.0,0.008965495,6.01701,86,26.037187
575,Switzerland,CHE,2013,16.6389153858586,59036.0,0.04218374,5.943378,85,26.133643
576,Switzerland,CHE,2014,16.5472062775245,59485.0,0.03276806,5.881022,86,25.999464
577,Switzerland,CHE,2015,16.8739685808805,59307.0,0.03054256,5.888324,86,26.74462
578,Switzerland,CHE,2016,17.0519338244866,59662.0,0.03427533,5.782595,86,26.756861
579,Switzerland,CHE,2017,16.9856421713259,60171.44,0.0,5.914335,85,27.468978
580,Switzerland,CHE,2018,16.4776900547927,61372.73,0.03050398,5.669412,85,26.902085
581,Tanzania,TZA,2012,14.017907635242,2275.0,49.6492,5.653444,35,10.433004
582,Tanzania,TZA,2013,14.8310743082401,2372.0,49.52486,5.460764,33,10.721923
583,Tanzania,TZA,2014,16.0794441502738,2467.0,49.54664,5.569443,31,11.363797
584,Tanzania,TZA,2015,14.8700779493296,2566.0,49.53963,5.387009,30,10.492495
585,Tanzania,TZA,2016,13.3688531461333,2660.0,49.14998,5.659677,32,11.39034
586,Tanzania,TZA,2017,15.7251519852361,2762.87,49.12689,6.189071,36,11.836483
587,Tanzania,TZA,2018,14.5748625993064,2874.96,49.27684,6.413517,36,11.697718
588,Thailand,THA,2012,18.6216196174385,14227.0,0.05606,8.550003,37,17.597307
589,Thailand,THA,2013,19.0937265311292,14562.0,0.03922005,9.97608,35,19.237316
590,Thailand,THA,2014,19.3047821192786,14642.0,0.03222966,9.428245,38,18.219452
591,Thailand,THA,2015,18.682549909541,15020.0,0.02562514,10.016147,38,18.686257
592,Thailand,THA,2016,18.929805654186,15454.0,0.0272707399999999,9.63923,35,17.791193
593,Thailand,THA,2017,18.3795410326897,16032.22,0.02984758,9.547909,37,17.260462
594,Thailand,THA,2018,18.4076541363674,16648.62,0.02406222,9.576377,36,17.459165
595,Togo,TGO,2012,17.4947902279025,1263.0,54.01998999999999,6.338744,30,11.770878
596,Togo,TGO,2013,17.8775120427423,1292.0,53.07856999999999,6.17375,29,12.497031
597,Togo,TGO,2014,16.1470497486301,1334.0,51.94389,7.278193,29,13.636864
598,Togo,TGO,2015,17.793321459595,1370.0,51.14404,7.758298,32,14.048365
599,Togo,TGO,2016,13.6997496776426,1400.0,49.12019,7.321932,32,13.958197
600,Togo,TGO,2017,11.4976489191203,1417.82,47.90359,7.738114,32,13.042136
601,Togo,TGO,2018,13.4703249753316,1451.36,46.3613,7.173127,30,12.706478
602,Trinidad and Tobago,TTO,2018,31.6241923009755,28549.41,0.2807658,6.234745,41,20.048171
603,Tunisia,TUN,2012,35.4634334378896,10739.0,1.422324,10.38592,41,29.10649
604,Turkey,TUR,2012,29.5802922093597,18170.0,0.09306085,11.614757,49,24.759857
605,Turkey,TUR,2013,29.1213621409762,18788.0,0.2981052999999999,12.21923,50,25.155766
606,Turkey,TUR,2014,29.3775784216453,19277.0,0.2046826,11.385523,45,24.457216
607,Turkey,TUR,2015,28.8819262840793,19836.0,0.2123728999999999,11.642503,42,24.956912
608,Turkey,TUR,2016,30.6454877440116,17906.0,0.202717,11.538265,41,25.128203
609,Turkey,TUR,2017,31.7322423517169,18995.82,0.1386473,11.192856,40,24.680293
610,Turkey,TUR,2018,33.5546860157443,19270.22,0.04039695,10.066746,41,23.986383
611,Uganda,UGA,2015,10.8075162021131,1954.0,38.90246,5.498134,25,10.002516
612,Uganda,UGA,2016,11.3618510440948,1980.0,40.30483,4.451466,25,10.57864
613,Uganda,UGA,2017,11.2580442929145,1991.9,41.35452,5.764424,26,10.686066
614,Uganda,UGA,2018,11.8410457952769,2045.42,39.90696000000001,5.852299,26,10.883333
615,Ukraine,UKR,2012,41.0699602539815,10383.0,0.0,13.471288,26,37.348158
616,Ukraine,UKR,2013,40.1985260695142,10404.0,0.0,12.904331,25,36.291341
617,Ukraine,UKR,2014,43.5407000374941,9818.0,0.006391669,13.526585,26,33.967333
618,Ukraine,UKR,2015,37.3687532184352,8961.0,0.01966266,15.24093,27,34.451443
619,Ukraine,UKR,2016,33.5044167207813,9214.0,0.0,14.785874,29,30.859074
620,Ukraine,UKR,2017,33.5763042908533,9484.38,0.0229418,15.075688,30,32.032291
621,Ukraine,UKR,2018,33.4059605398183,9813.36,0.009935224,14.680817,32,32.594564
622,United Arab Emirates,ARE,2018,3.9631141190009,76397.82,0.0,12.221188,70,14.050816
623,United Kingdom,GBR,2012,42.3830304304901,35185.0,0.1689175,11.221017,74,33.456364
624,United Kingdom,GBR,2013,40.1880880912367,35618.0,0.1596023,11.309244,76,33.435467
625,United Kingdom,GBR,2014,39.4805604699497,36436.0,0.1872427,11.372295,78,33.415119
626,United Kingdom,GBR,2015,38.6392559858849,36941.0,0.1474572999999999,11.374633,81,33.774846
627,United Kingdom,GBR,2016,37.6786724098517,37334.0,0.2052228,11.410832,81,34.03123
628,United Kingdom,GBR,2017,37.2471005536175,37782.83,0.2980553999999999,11.37319,82,34.231884
629,United Kingdom,GBR,2018,37.0405716334733,38058.09,0.2980553999999999,11.360357,80,34.270981
630,United States,USA,2012,23.9997785778618,50394.0,0.9984797,4.193637,73,24.46181
631,United States,USA,2013,23.0229027075258,50863.0,0.9954639,4.272639,73,26.041927
632,United States,USA,2014,22.7303976235272,51664.0,1.248947,4.278485,74,26.384807
633,United States,USA,2015,22.4748697637279,52591.0,1.249188,4.22673,76,26.639798
634,United States,USA,2016,22.5475531311468,53015.0,0.9993911,4.18363,74,26.296149
635,United States,USA,2017,22.2735170479355,54007.77,1.249923,4.110025,75,27.248414
636,United States,USA,2018,22.3029493296115,55334.74,0.9997919,4.127586,71,24.951688
637,Uruguay,URY,2012,30.5123263621164,17876.0,0.1510502,10.910066,72,26.23532
638,Uruguay,URY,2013,31.2069920618142,18589.0,0.1636733,10.580437,73,26.791894
639,Uruguay,URY,2014,31.7826831296389,19160.0,0.1153673,9.513913,73,24.933533
640,Uruguay,URY,2015,32.0218906302875,19244.0,0.1316305,9.279303,74,26.573444
641,Uruguay,URY,2016,35.3712558572035,19468.0,0.0751155199999999,9.056069,71,31.508649
642,Uzbekistan,UZB,2015,15.8655568239373,9720.0,15.423429999999998,9.698687,19,24.601407
643,Uzbekistan,UZB,2016,15.09905008875,10381.0,13.62555,9.222028,21,21.61195
644,Uzbekistan,UZB,2017,14.9769044118805,10743.87,12.695890000000002,9.111618,22,21.060906
645,Uzbekistan,UZB,2018,17.1259175210424,11220.37,11.72968,11.724129,23,23.347188
646,Zambia,ZMB,2012,16.5322416609076,3350.0,61.38289999999999,5.289699,37,14.671603
647,Zambia,ZMB,2013,17.8533057349122,3419.0,60.19787,6.399878,38,14.079733
648,Zimbabwe,ZWE,2016,25.2363468480243,1534.0,32.366640000000004,7.714121,22,15.558012
649,Zimbabwe,ZWE,2017,26.2762833757815,1582.37,33.86269,6.38166,22,13.222538
650,Zimbabwe,ZWE,2018,19.2044654681676,1611.41,33.216590000000004,5.28495,22,11.630612
